File,score
0001_12step,0.9984119782214156
0003_6foot7foot,0.9832451499118166
0004_abc,0.9856584093872229
0005_again,0.9738501050665421
0006_aint2proud2beg,0.9264090985114568
0008_america,0.9223458038422649
0009_americanmusic,0.9882619439868204
0010_andjusticeforall,0.9846934791097227
0011_areyouexperienced,0.9477146814404432
0012_aroundtheworld,0.940527838033261
0013_athingaboutyou,0.9942537426281567
0014_babaoriley,0.9733431516936671
0015_babygotback,0.9858093903293623
0017_badromance,0.9731789535394988
0018_bassdownlow,0.9907329401853412
0020_becauseofyou,0.8160535117056856
0021_better,0.95995200239988
0022_betteroffalone,0.992364402317009
0023_bewareoftheboys,0.9859588382381227
0024_billionaire,0.9795440017046665
0026_blackandyellow,0.9892622787830583
0027_blackened,0.9934971789232093
0028_blackmagic,0.958981871452115
0030_bodymovin,0.9798988103377547
0032_boomboompow,0.9679595278246206
0035_boyfriend,0.9714959279897128
0036_breakingthegirl,0.8583994232155732
0037_breakyourheart,0.9710341706268386
0038_bringmetolife,0.998715831957439
0039_bulletproof,0.9629230437594309
0040_bustamove,0.9486926492353231
0041_calabria,0.9473969631236443
0042_callme,0.963239389551075
0043_callmemaybe,0.9397985989492119
0044_cameraeye,0.992932614932475
0045_cantgetyou,0.9868969624776652
0046_castlesmadeofsand,0.978763440860215
0047_chinacatsunflower,0.9913005654632449
0048_chingaling,0.9927286643704554
0049_closer,0.9828218490638873
0050_clubcanthandleme,0.9908325537885875
0052_collector,0.9791616186091592
0053_commander,0.9598312914239807
0054_conceited,0.9601465872652314
0055_constantmotion,0.9702852185229368
0056_control,0.9814458838278312
0057_crankthat,0.9963665724666936
0058_criticalacclaim,0.9938488576449912
0059_cupidshuffle,0.9959216965742251
0061_dabutt,0.9792926516400953
0062_dance,0.9744164332399626
0063_daysgoby,0.9650991917707568
0065_deadandbloated,0.9739938980095888
0066_decentdaysandnights,0.9757775942747041
0067_deep,0.9745970567624387
0068_devilsisland,0.9897808056872038
0069_digginmedown,0.9851516295457405
0070_dipitlow,0.9506120726044744
0071_dirtypool,0.9825301204819277
0072_discoinferno,0.9916341722793336
0073_disturbia,0.9927664079040226
0074_djgotusfallininlove,0.9969936114242766
0075_dontcha,0.9622432859399684
0077_dontsweat,0.8673654505140093
0078_donttouchme,0.9892071398920714
0079_dontyouwantme,0.8962378640776699
0080_down,0.9834525025536262
0081_downonme,0.9531996179560649
0082_dragosteadintei,0.9760621433100825
0083_dragthewaters,0.992080095636581
0084_dropitlikeitshot,0.9552504038772214
0085_electricboogie,0.9797297297297297
0086_escapade,0.9785217940619078
0087_evacuate,0.9802588286905023
0088_everybody,0.8863117001828154
0090_fearofthedarklive,0.9945294296423868
0091_fellonblackdays,0.9894815927873779
0092_fergalicious,0.9574175824175825
0093_fireburning,0.9861966051109867
0094_fireflies,0.9834081592816709
0095_firework,0.9880204241948154
0096_fivemagics,0.9875601926163724
0098_floods,0.9834800565155961
0099_forgetyou,0.995649594621317
0100_futureperfecttense,0.9749190938511327
0101_galang,0.9032023289665211
0102_gangstaluv,0.9626762985896112
0104_getbusy,0.9651497208594146
0105_getdownonit,0.9585684346284056
0106_getitshawty,0.9760427807486631
0107_getlow,0.9794474393530997
0108_getup,0.9475003481409274
0109_geturfreakon,0.9457517513921322
0110_girlsandboys,0.9965925394548063
0111_girlsonfilm,0.9009617352158789
0112_giveitup,0.809257602862254
0113_giveituptome,1.0
0114_givemeeverything,0.9893029675638372
0115_gonnamakeyousweat,0.9697356426618049
0116_goodies,0.99609375
0117_goodmorningblackfriday,0.9797612279704377
0118_grenade,0.9906286606794221
0119_gunpowderandlead,0.9784257942152679
0120_hallowedbethyname,0.8300536672629696
0122_heardemall,0.983077265642396
0123_heavyduty,0.8709823449524672
0124_hello,0.9960668633235005
0125_hellogoodmorning,0.9791527685123416
0126_heymami,0.9867720007348888
0127_hollabackgirl,0.9562460367786937
0128_homecoming,0.9538684793401054
0129_hotinherre,0.9811634349030471
0130_hotstuff,0.9799016772700984
0131_iamthebest,0.9836135347946372
0132_iceicebaby,0.939514668598334
0133_ifeellove,0.9783700270374662
0134_igotmine,0.9772213855421686
0135_igottafeeling,0.9698422517785339
0136_igotyoudancing,0.9889933746527035
0137_iknowyouwantme,0.9740671641791044
0138_ilikeit,0.9988551803091014
0139_imcomingout,0.9792402203078662
0140_impacto,0.9547105319376201
0141_indaclub,0.9664031620553359
0142_indestructible,0.9643616151708354
0143_informer,0.96525237746891
0144_ishotthesheriff,0.967844635466412
0145_iwantyouback,0.873217115689382
0148_jesusofsuburbia,0.9648060238991651
0149_johnnyguitar,0.9141414141414141
0150_justdance,0.9851659558687187
0151_kingofdancehall,0.9803049555273189
0152_kingofrock,0.8748276812792942
0153_lalaland,0.9557768924302789
0155_lapdance,0.9768469795832456
0156_lastnight,0.9740371389270976
0157_leanwitit,0.9506865209824018
0158_letitrock,0.9958382877526754
0159_letthemusicplay,0.9646361406377759
0160_likeag6,0.9607532210109019
0161_limelight,0.9781287970838396
0162_lobotomy,0.9719732768453642
0164_low,0.999033629686896
0165_lucretia,0.9833205521472392
0166_macarena,0.9657564575645756
0167_makesomenoise,0.9716981132075472
0168_maneater,0.9817486017073889
0169_manicdepression,0.9745638349910322
0170_manyshadesofblack,0.9708638609643891
0171_marchofthepigs,0.9484714003944773
0172_marrythenight,0.9993855778361168
0173_massiveattack,0.9845775592311131
0174_maythisbelove,0.9164983164983165
0175_meddle,0.943004023245418
0176_megasus,0.9734106357457017
0177_milkshake,0.9720460418134836
0178_mountainman,0.9505371530886303
0179_moveslikejagger,0.9852241011328189
0181_mrsaxobeat,0.9438278595696489
0182_mycurse,0.9212280701754386
0183_mynameisjonas,0.9824876515491693
0184_myprerogative,0.957149300857014
0185_nasty,0.9314522556990276
0186_nearlylostyou,0.9771554900515844
0189_neversaynever,0.9807272004768528
0190_newfang,0.9779761904761904
0191_newslang,0.9855184398532535
0194_nomoretears,0.9876683937823835
0195_nookie,0.8140134689783637
0197_nothinonyou,0.9759653270291568
0198_nowthatwefoundlove,0.9910096818810512
0199_numberofthebeast2,0.9838329932506671
0200_oceansize,0.9720605355064028
0201_oh,0.9613859319557504
0204_onlyamemory,0.8913332069030913
0207_oopsohmy,0.9858845096241979
0208_opp,0.9465258293447764
0209_paparazzi,0.9843203729208603
0212_peoplegotalotofnerve,0.9815950920245399
0214_planetrock,0.970453207769276
0215_pointofknowreturn,0.9665497076023392
0216_poison,0.9405061169767052
0217_pokerface,0.9841643483843355
0218_policyoftruth,0.9638162752916851
0219_pondereplay,0.9698857736240913
0220_promiscuous,0.9670918838972083
0222_realgoodlooking,0.9956715161716966
0223_reallove,0.9675613370657007
0226_rendezvu,0.9636831938184159
0227_replay,0.9887801384578658
0229_ridingonthewind,0.9775763358778626
0231_rightthurr,0.9002842772796851
0233_rocknrollnightmare,0.9484702093397746
0234_roundandround,0.994823317578213
0235_rudeboy,0.9481713279874829
0236_rumpshaker,0.9819494584837545
0237_run,0.9863754325259516
0238_sambadejaneiro,0.984264785675529
0239_sandm,0.9697924388435878
0240_sandstorm,0.9963891468069741
0241_satellite,0.9145059565522075
0242_satisfaction,0.8029494024917366
0243_saucyjack,0.9690627843494085
0244_sayaah,0.9460589588124608
0245_sayhey,0.9194233967843283
0246_scenario,0.984919396775871
0247_scream,0.9958896065766295
0248_screamingfor,0.9946647097324421
0249_sensualseduction,0.9769259397097134
0250_sexyandiknowit,0.9860611510791367
0251_sexychick,0.9895493141737427
0254_sixsixsix,0.9609794628751974
0255_sleepwalker,0.9208172147001934
0257_somebodytolove,0.9753060800996057
0258_sorry,0.980289572940747
0259_spiceupyourlife,0.9922103213242454
0261_starships,0.9943392888731647
0262_stash,0.9772751183587586
0264_stereolove,0.9650399290150843
0265_straightlines,0.9867478510028653
0266_straightup,0.9491997216423104
0267_superfreak,0.9499891280713199
0268_supersonic,0.9423798798798799
0269_sweettalk,0.971133586177834
0270_takeovercontrol,0.9417031022277743
0271_teachmehowtodougie,0.9596634496411779
0272_teachmehowtojerk,0.9678168546781686
0273_technologic,0.997880319582586
0274_temperature,0.9841938883034773
0276_texasflood,0.9727525018921873
0277_thashiznit,0.9563222028802025
0278_thatsthahomie,0.95260663507109
0279_thebreaks,0.9948074850592731
0280_thedayitriedtolive,0.9795046968403074
0281_theedgeofglory,0.9652361543994246
0282_thegreatsatan,0.9871692060946271
0283_thehumptydance,0.9750224349386778
0284_thehustle,0.9904067536454336
0285_thekill,0.953927392739274
0286_theragelive,0.985892961023851
0287_therewasatime,0.9940092165898617
0288_thewayiare,0.9495033112582781
0289_thisisexile,0.9612760834670947
0290_thisishowwedoit,0.9863984674329502
0291_thrasher,0.98572501878287
0292_timeslikethese,0.8591256072172103
0293_tomsawyer2,0.9235220519236784
0294_tonighttonight,0.9261844331641286
0295_toxic,0.9405920099358311
0296_transmaniaconmc,0.9684634309997764
0297_troublecomesrunning,0.9685230024213075
0298_turnmeon,0.9820387217168183
0299_turnthebeataround,0.9943541724042964
0301_unclejohnsband,0.9750158127767236
0302_venus,0.9600494233937397
0303_wakeupdead,0.9847526961695797
0304_weaponofchoice,0.9583413323094644
0305_wenospeakamericano,0.9601321066289219
0306_werunthis,0.974336125467831
0307_whatdoesntkillyou,0.9726027397260274
0308_whatislove,0.9976900866217517
0309_whatsmyname,0.9593702386998476
0310_whineup,0.9932526294899782
0311_whipmyhair,0.9946703513620213
0312_whitefalconfuzz,0.9663103336572725
0314_whoomp,0.9729620661824052
0315_whygo,0.9631708960251516
0316_wildones,0.9974353915959755
0318_windup,0.9761293246714006
0319_withoutyou,0.9740522325189553
0320_wolflikeme,0.9391870435058749
0321_wonderwall,0.9946773120425815
0322_wordup,0.9823442864149092
0323_yeah,0.991723641597697
0324_yeah3x,0.9896094589752776
0325_ymca,0.9530620467365029
0326_yougotittherightstuff,0.9604188853390131
0327_youmakemefeel,0.9548841059602649
0328_youmakemefeeldc,1.0
0329_youreajerk,0.9475798737325426
0330_50waystosaygoodbye,1.0
0331_againstallodds,0.9888839484215207
0332_alejandro,0.9969032029729251
0333_allday,0.9789980732177264
0334_alltherightplaces,0.9968588736818488
0335_allyourlife,0.9918017159199237
0336_alonewithyou,0.9637855142056823
0337_alwayssomethingthere,0.9020425177157149
0338_animal,0.9953785211267606
0339_aslongasyouloveme,0.9960536700868192
0340_backintime,1.0
0341_baggageclaim,0.877785435331955
0342_bangpop,0.9997893850042123
0343_banjo,0.9965641105731688
0344_beautifullife,1.0
0345_beinlovetonight,0.9978738483345145
0346_birthdaydress,0.9813569094753027
0347_bitch,0.946444405036354
0348_blackout,1.0
0349_blow,0.9997892074198989
0350_blowme,0.9825336277855852
0351_blowup,0.9971967380224261
0352_boogiewonderland,0.9478352375225496
0353_bottomsup,0.9537127903173045
0354_brandnewday,0.9978618772717553
0355_brokenhearted,0.9996004794246903
0356_californiagurls,0.973740104267233
0357_cheers,0.9352795798578931
0358_children,0.9942581534221405
0359_cominghome,0.9951940850277264
0360_coolerthanme,0.9951334116462494
0361_countrymustbecountrywide,0.9910102739726028
0362_crazygirl,0.9948776323278316
0363_darkside,0.9630292188431724
0364_deuces,0.9898434898434898
0365_dirtroadanthem,0.9798724591470706
0366_domino,0.9764296754250387
0367_dontdreamitsover,0.9695915002747756
0368_dontwakemeup,1.0
0369_dontyouworrychild,0.9983386404541049
0370_downonme,0.9877276326207443
0371_downunder,0.9947884094225558
0372_drinkinmyhand,0.9801016088060965
0373_driveby,0.9970346715328468
0374_drunkonyou,0.9463459759481961
0375_dynamite,0.9177109440267335
0376_earthquake,0.9998217151007309
0377_eatdirt,0.9970594412938458
0378_effinperfect,0.9931085863289253
0379_et,0.9700642523364486
0380_everybodytalks,0.9968360688155032
0381_everythingyouwant,0.942442173211404
0382_fatherofmine,0.9775835866261399
0383_feelsoclose,1.0
0384_finally,0.9741270128460285
0385_fiveoclock,0.997577519379845
0386_footloose,0.9721059972105998
0387_free,1.0
0388_gangnamstyle,0.996696641585612
0389_gettinoveryou,0.9556346381969157
0390_getyourselfbackhome,0.9998072846405859
0391_givemeallyourluvin,0.987757600489696
0392_givemeyourhand,0.9902220411489102
0393_giveyourheartabreak,0.9785127448915104
0394_godgavemetoyou,0.9998152254249815
0395_gold,0.9663578742077036
0396_goodfeeling,0.999656416423295
0397_goodlife,0.9267278711241989
0398_goodtime,0.980900109769484
0399_gotmygirls,1.0
0400_heatofthemoment,0.9201934703748489
0401_hello,0.8970008568980291
0402_herestous,0.9565434565434565
0403_heybaby,0.9989409023511968
0404_holditagainstme,0.9363077917879081
0405_home,0.9886621315192744
0406_honeybee,0.9468285534854511
0407_humpinaround,0.9829510229386237
0408_icanonlyimagine,1.0
0409_idontlikeyou,0.9994480220791169
0410_idontwantthisnighttoend,0.989274924471299
0411_ifihadyou,0.9782817605227753
0412_ifitmakesyouhappy,0.9785462696125521
0413_ifyoucouldonlysee,0.9925989672977624
0414_illbe,0.9156212407630177
0415_illbewaiting,0.9729601518026565
0416_impossible,0.9935216843620659
0417_imtoosexy,0.9984459984459985
0418_inthedark,0.9548590577567514
0419_itgirl,0.9995656894679696
0420_itsrainingmen,0.9791280148423006
0421_ittakestwo,0.9855839952927331
0422_itwillrain,0.9917112761181143
0423_iwannago,0.9717448777263714
0424_justadream,0.9914432401597262
0425_justakiss,0.9856826316686552
0426_justcantgetenough,0.9785672909828153
0427_justthewayyouare,0.9919939001143728
0428_kingofanything,0.9880280099390106
0429_kissinu,0.9876543209876543
0430_lastfridaynight,0.974616946649437
0431_letitrain,0.9605654761904762
0432_letsgo,1.0
0433_lighters,0.999096657633243
0434_lights,0.995383001049318
0435_lookatmenow,0.9699002719854941
0436_loveactually,1.0
0437_lovelikewoe,0.9967832730197025
0438_loverlover,0.9374321094938084
0439_lovethewayyoulie,0.9996521739130435
0440_loveyoulikealovesong,0.9981052631578947
0441_lovingyoutonight,0.9576656302320019
0442_lullaby,0.9540549378678875
0443_magic,0.997071129707113
0444_maybe,0.9418604651162791
0445_memories,0.995345744680851
0446_midnightcity,0.9877381626108281
0447_mindyourmanners,0.9823911028730306
0448_mine,0.9764705882352941
0449_misery,0.9793529161345254
0450_more,0.9963584867489379
0451_mrknowitall,0.9927179689037591
0452_myfirstkiss,0.9487595641085091
0453_mygirl,0.8934035203158415
0454_myohmy,0.9541734860883797
0455_nevertearusapart,0.9870980547836443
0456_nohands,0.9984107363588204
0457_nothing,0.9993220338983051
0458_notorious,0.9706380575945793
0459_notoveryou,0.9849498327759197
0460_numb,0.9841652323580035
0461_obsession,1.0
0462_oldalabama,0.9927495024168326
0463_onemorenight,0.987047697368421
0464_oneofus,0.9849009122365524
0465_onething,1.0
0466_onthedarkside,0.9740223463687151
0467_onthefloor,0.9609584450402144
0468_openarms,0.9937514464244388
0469_ordinaryworld,0.9943088213269432
0470_ours,0.9348446983220279
0471_paradise,0.9266799073154585
0472_partofme,0.9730603448275862
0473_payphone,0.9979257024325854
0474_pleasedontgo,0.973921070851604
0475_poisonedwithlove,0.98995283986057
0476_pontoon,0.9058277878604557
0477_poundthealarm,0.9921846601235914
0478_prayforyou,0.9696545284780579
0479_pricetag,0.9979144942648592
0480_raiseyourglass,0.9886415265788278
0481_reallove,0.9633553317124002
0482_redsolocup,0.9642143142742903
0483_ridinsolo,0.9814077025232404
0484_rockthatbody,0.9912013536379018
0485_rollinginthedeep,0.9735163348153876
0486_rundatback,0.8983870967741936
0487_secrets,0.9930596866944279
0488_september,0.9834519915335771
0489_shakeyourbody,0.9940304255728866
0490_showme,0.999403222597971
0491_skyscraper,0.96675799086758
0492_sm,0.9838679422247233
0493_somebodysheartbreak,0.9922755069198583
0494_somebodythatiusedtoknow,0.9700720487714761
0495_someonelikeyou,1.0
0496_sparksfly,0.9914763041254688
0497_speakers,0.8892769821865176
0498_springsteen,0.9446283478784231
0499_starbuckssmile,0.9662494412159142
0500_stay,0.9682920970454
0501_stayawhile,0.9938153124333546
0502_stronger,1.0
0503_stucklikeglue,0.9450568990042674
0504_suspiciousminds,0.8624431734858483
0505_takeitoff,0.9737431304701811
0506_takemehometonight,0.9835680751173709
0507_teenagedream,0.9823412698412698
0508_tennesseeme,0.9975445058317987
0509_thelazysong,1.0
0510_theonethatgotaway,0.9640376601327365
0511_theonlyexception,0.9659395973154362
0512_theshowgoeson,0.9947804175665946
0513_thetime,0.9862351735246742
0514_thetimeofmylife,0.9563442211055276
0515_thisafternoon,0.9822736595370641
0516_thisorthat,0.9946072684642439
0517_tilltheworldends,0.9604989604989606
0518_timeaftertime,0.9621189254452158
0519_titanium,1.0
0520_tonight,0.8302616316535636
0521_tooclose,0.9922054915854739
0522_turnupthemusic,0.9994594594594595
0523_ucanttouchthis,0.9638301307928306
0524_undoit,0.9939849624060151
0525_venus,0.9921259842519685
0526_waitingoutsidethelines,0.995473406261788
0527_wantuback,0.9982784592210028
0528_werunthenight,0.9602549681289839
0529_werwhower,0.9096157674696397
0530_whatthehell,0.933705916361534
0531_whenwestandtogether,0.9840362163450084
0532_whistle,0.9974272709281615
0533_whosays,0.982695810564663
0534_wideawake,0.9849586776859505
0535_withoutyou,0.9910146833223756
0536_workout,0.99940499801666
0537_writteninthestars,0.9989520565889441
0538_you,1.0
0539_youandi,0.9950345161680998
0540_youandme,0.9910771191841937
0541_youdroppedabombonme,0.9725079483822704
0542_yougetwhatyougive,0.9868593955321945
0543_yougonnafly,0.9758753202391118
0544_yougottabe,0.9605189990732159
0545_youkeepmehangingon,0.9444047193421523
0546_18days,0.98921294446664
0547_1901boflexdpassionpitremix,0.9794642857142857
0548_2getherextended,0.9617984131648546
0549_515,0.9996067636649626
0550_aboutyounow,0.9995174909529554
0551_accordingtoyou,0.9864895809480192
0552_addicted,0.9943796835970025
0553_alivefeatthegoodnatured,1.0
0554_allalright,0.9953280124586334
0555_allaroundme,0.9881822088525999
0556_allaroundtheworld,0.9804941482444733
0557_alligator,0.9961706783369803
0558_allnightlong,1.0
0559_alltherightmoves,1.0
0560_almostlovenow,0.9799453053783045
0561_alorsondanse,0.9507263447192775
0562_alreadygone,0.9936347315162396
0564_americanboybenny,0.9998170173833486
0565_americanhoney,1.0
0566_americanwoman,0.9962949894142554
0567_anythingcouldhappen,0.8203797092850786
0568_apologize,0.999507874015748
0569_arrow,0.9889543446244478
0570_aslongasyouloveme,0.996579476861167
0571_atlantis,0.9994013171023748
0572_awake,0.9940451745379877
0573_babyludacris,0.954240631163708
0574_badromanceappboyz,0.9998
0575_badromanceskrillexremix,0.9770689655172414
0576_barbrastreisand,0.9812528577960676
0577_battlefieldmainversion,0.9715447154471545
0578_bealright,0.9956321281242417
0579_beatitstudioversion,0.9736376155813496
0580_beautiful,0.9978657353511835
0581_beautifulcarlyrae,0.993905297702766
0582_beautifulday,0.9942846607669616
0583_beautifulgirls,0.9785097762902941
0585_beautyandabeat,0.9930719571720988
0586_bed,0.9659606656580938
0587_bedrock,0.9592304168575355
0588_believe,0.9804614425275411
0589_bestieverhad,0.998919891989199
0590_betterintime,0.9992173742907454
0591_biggirlsdontcry,0.9968194421790899
0592_blameit,0.982860203535083
0593_blameitradioedit,0.9819011646207113
0594_bleedinglove,0.9928819731832478
0595_blonde,0.9717171717171718
0596_bonbon,0.9848133305209872
0597_boomboomguetta,0.9709388971684053
0598_boomboompow,0.9997859130807107
0599_boyfriend,0.9850065189048239
0600_breakeven,1.0
0602_breaktheice,0.9997682502896872
0603_breaktheicejasonnevinsmix,0.9998773908778813
0604_bustitbabypart2,0.9775733179988499
0607_cantholdus,0.9992328767123287
0608_canttellmenothing,0.9888438133874239
0609_carryon,0.9890622915833
0610_castle,0.9688927943760984
0611_catchingfeelings,0.9974434611602753
0613_celebrationbennybenassi,1.0
0614_cinema,0.9795164022793778
0615_circus,0.9924585218702866
0616_citygirl,0.994413407821229
0617_citylights,0.9862804878048781
0618_clocks,0.9851919561243144
0619_closer,0.9898911353032659
0620_closertands,0.9927210447441661
0621_clubcanthandleme,0.9987354577642893
0622_clumsy,0.9715136846024949
0623_comeongethigher,0.876691148047932
0625_complicated,0.9954178885630498
0626_coolerthanme,0.9947995302801543
0627_cowboyboots,0.9996415128159168
0628_crankthatsouljaboy,0.9934565050038491
0629_crush,0.9882888744307091
0630_crushcrushcrush,0.9929543245869776
0631_curiosity,0.9414805624483044
0632_cyclone,0.9736196319018405
0633_dancingmachine,1.0
0634_dangerous,0.9759382294846471
0635_daynnite,0.9808484349258649
0636_daynnitecrookersremix,0.9846806504831487
0637_daynniteremix,0.9895195098355369
0638_deadandgone,0.9895092460881935
0639_dieinyourarms,0.9949563530552862
0640_disturbia2,0.9775886031966643
0642_dontconfess,0.9952510176390773
0643_dontrush,1.0
0644_dontsayaword,0.9983139752716373
0645_dontstopthemusic,0.8390439578806619
0647_dontthinkidontthinkaboutit,0.9771758214196138
0648_donttrustme,0.9995768986672308
0649_down,0.9612619808306709
0650_downlilwayne,0.983251633986928
0651_doyouremember,0.9957725639399704
0652_drovemewild,0.9903730445246691
0653_dynamite,0.991180981595092
0654_dynamitemixinmarc,0.9825839701439488
0655_earthquakey,0.9998231340643792
0657_enursbonfire,0.9207080504364694
0658_evacuatethedancefloor,0.9792621698319144
0659_everybody,0.9915302899799023
0660_everymorning,0.994016071123269
0661_everythingaboutyou,0.9875316990701606
0662_everytimewetouch,0.9914320685434517
0663_explosions,0.9829124738940573
0664_eyesextendedmix,0.9915460213462961
0665_fall,0.9933370349805664
0666_fallin,0.9804824561403509
0668_fallinganthem,0.8316779926816519
0669_fastforwardffwd,0.9980293409240202
0670_fearless,0.9414744933612859
0671_feedback,0.9640630729739641
0672_feelitinmybones,0.9983673469387755
0673_feelsliketonight,0.9973200612557427
0674_feelsocloseextendedmix,0.99586890663729
0676_figure8,0.9727222119131564
0677_fireburning,0.9998108925869894
0678_fireflies,0.9923182982076029
0679_firsttime,0.992773261065944
0680_fixaheart,0.9841694537346711
0681_flashinglights,0.9986333463490824
0682_forever,0.9678045623685487
0683_foreverextendedmix,0.976728898238233
0685_forgottolaugh,0.9862518089725036
0686_fortheloveofadaughter,0.979126401236954
0687_getouttamyway,1.0
0688_getthepartystarted,0.9919963411845415
0689_gettinoveryou,0.9917835924661863
0690_givemeeverything,0.9903281519861831
0691_givesyouhell,0.9782971619365609
0692_giveyourheartabreakdos,0.9889291036832021
0693_gold,0.993956043956044
0695_goodbyegoodbye,0.9977598566308243
0696_goodgirlsgobad,0.993446088794926
0697_goodlife,0.9992622648469199
0698_goodtime,0.9791803637957485
0699_gotmoney,0.9881922501247298
0700_gottabesomebody,0.9294541709577755
0701_gottabeyou,0.9739263803680982
0702_greenlight,0.9810084258392403
0704_guitarstringweddingring,0.9812651531849239
0705_haditall,0.9893095768374165
0706_halcyon,0.956560761084186
0707_halfwaygone,0.9959858323494687
0708_haloradioedit,0.9435215946843853
0709_hangingon,0.9774150268336315
0710_hardjeezy,0.998520162782094
0711_heartheartheartbreak,0.9997780736795384
0712_heartless,0.974169741697417
0713_heartofgoldnow,0.988725803020634
0714_hell,0.9539883895936357
0715_hellodadalife,0.9933765696150131
0716_heroheroine,0.9951348064058382
0717_heysoulsister,0.9394060995184591
0718_heytheredelilah,0.9929764616552772
0719_hipsdontlie,0.9993638676844784
0721_holdup,0.9775736287489868
0723_hotelroomservice,0.9934674230703111
0724_hotmessdj,0.9998129792406957
0725_hotncold,1.0
0726_hotplay,0.9996907854050712
0727_howcomeyoudontwantme,0.9640531388382392
0728_howyouremindme,0.9807961592318464
0729_hurricane,0.9177695429680607
0730_hurtssogood,0.9843825084094185
0731_icouldntbeyourfriend,0.9634356674715419
0732_idontwannabeinlove,0.9963614311704063
0733_ifihadyou,1.0
0734_iftodaywasyourlastday,0.9984976525821596
0735_ifuseeamy,0.9930427665234295
0736_igotafeeling,0.9955548499761867
0737_ihatethispart,0.9681978798586572
0738_ihearnoises,0.9862550222034256
0739_ikissedagirl,0.9695493300852619
0740_ikissedagirljasonnevins,0.989320280342641
0741_iknowyoucare,0.981762250054933
0742_iknowyouwantme2,0.9485070623994278
0743_iminloveiwannadoit,0.9997124784358827
0744_immabe,0.9574067738624701
0745_immabewolf,0.9775691184141888
0746_imnotyourhero,1.0
0747_imreal,0.9860608254887763
0748_imyours,0.9995798319327731
0749_indestructible2,0.9465524275805793
0750_ineedyourlove,0.9599135390056985
0751_inlovewithagirl,0.9986504723346828
0752_inmyhead,0.9853131749460043
0753_inreallife,0.9949225691799949
0755_intothenight,0.9736524537409493
0756_istillmissyou,0.993138600274456
0758_itgetsbetter,0.9814424293547026
0759_itgirljasonnevins,0.9799691833590138
0760_iwannarock,0.9918328883304539
0761_iwant,0.9771458942333244
0762_iwantitthatway,0.9849843587069864
0763_iwasafool,0.9623724489795918
0764_iwish,0.9991386735572783
0765_jimmyiovine,0.9624349836255057
0766_justdance,0.9943851768669287
0767_justfine,0.9980694980694981
0768_keepsgettinbetter,0.9541329408879078
0769_killa,0.9327193256322198
0770_kingofmycastle,0.9997840639170805
0771_kisskissmainversion,0.9921062073914604
0772_kissmebackcrytonight,0.8693663165028804
0773_kissmethruthephone,0.9823050058207218
0774_knockyoudown,0.9990232785284063
0775_knockyoudownbimbojones,0.9994804295116038
0776_krazy,0.9012524959157742
0777_lebump,0.9941772697864999
0778_letitrock,0.9990059642147118
0779_letitrockfilthy,0.9963653417751202
0780_letmebereal,0.9933148916551406
0781_lettinggoduttylove,0.9990033884791708
0782_lifeafteryou,0.9993214204931011
0783_lighton,0.9977546438048581
0784_lightweight,0.9846301633045149
0785_littleliesnow,0.9890049477735019
0786_livelikeweredying,1.0
0787_liveyourlife,0.8895682555527826
0789_livingroom,1.0
0790_locapeople,0.9163223140495868
0791_lollipop,0.9900657190891029
0792_lovedrunk,1.0
0793_lovegame,0.9993591113010041
0794_lovegamedave,0.8659854588327766
0796_loveinthisclub,0.9998619547211486
0797_loveisgone,0.9999075101738809
0798_lovelikethis,0.9606720122184039
0799_lovesexmagic,0.9858598461218548
0800_lovesexmagicjason,0.9997613649922443
0801_lovesong,0.9942307692307693
0802_lovestoned,0.9124870734229577
0803_lovestory,0.9864527629233512
0805_lovetheysay,0.9785699130065776
0806_mad,0.9715616966580977
0807_makemebetter,0.9117595048629531
0808_makethemoney,0.9565829145728644
0810_memoriesextended,0.9832147937411095
0811_miami2ibiza,0.9990885614461492
0812_miserybimbo,0.9989819004524887
0813_missindependent,0.9515822784810126
0814_mistake,0.9015645371577575
0815_mondaymondaymonday,0.9995247148288974
0817_morethanthis,0.991796718687475
0818_mrsaxobeatext,0.9991005576542543
0819_myblood,0.9960489924930858
0820_mychickbad,0.9482965931863727
0821_myfeelingsforyou,0.9459997657256648
0823_mylifewouldsuckwithoutyou,0.9919284467713787
0824_mylifewouldsuckwithoutyous,1.0
0825_myloveislikeastar,0.9906422018348624
0826_myohmy,0.9985915492957746
0827_needyounow,1.0
0828_neoncathedral,0.9879823967501693
0829_nevertoolate,0.9964927663305567
0830_nightwatch,0.9836406900654372
0831_noair,0.9875717017208413
0832_noone,0.9308296943231441
0833_northshore,0.9801869158878505
0834_nosurprise,1.0
0835_notetogod,0.9708532061473238
0836_notmyselftonight,0.9899014186102428
0837_nottonight,0.976905311778291
0838_nowimallmessedup,1.0
0839_nowyouseeit,0.9933675652545999
0840_obsessed,0.9841683739988825
0841_obsessedcahill,1.0
0842_obsessionstatic,0.9956597222222222
0843_omgalmighty,0.9941975165370779
0844_ondirecting,0.9997195737521032
0845_onefoot,0.9992632160618898
0846_onelove,0.9414802065404475
0847_onestepatatime,0.9947723807449358
0848_onething,0.986784140969163
0849_onlyyou,0.9971915747241725
0850_onlyyoucanlovemethisway,0.9797623468251021
0851_openurmind,0.9636363636363636
0852_oursong,0.9648385670057497
0853_outonthetown,0.986680873734683
0854_overmyheadcablecar,0.9932236205227493
0855_overyou,0.9979313198179561
0856_paperbackhead,0.9875253843922251
0857_paralyzer,0.99721687004924
0858_peoplearepeople,0.8751387347391787
0859_picturesofyou,1.0
0860_pieceofme,0.8973626373626373
0861_pingmebaby,0.999171671153448
0862_pleasedontleaveme,0.9935514128268261
0863_pleasedontleavemedigi,0.9779352226720648
0864_pleasedontleavememain,1.0
0865_pocketfulofsunshine,0.983789260385005
0866_pokerfacedave,0.9678301284972205
0867_pokerfacedos,0.8982421875
0868_puton,0.9998347380598248
0869_raiseyourweapon,0.97955474784189
0870_ratedr,0.8863976083707026
0872_readyfortheweekend,0.9433483102168392
0873_readyornot,0.9607885151060639
0874_realize,0.9768958449785727
0875_redbelt,0.9950634696755994
0876_rehab,0.836173184357542
0877_releasemenow,0.9353126554984242
0878_replay,1.0
0879_ridinsoloian,0.9953416149068323
0880_righthere,0.9709762532981531
0881_rightround,0.9747972824895902
0882_rightroundbenny,1.0
0883_rocksatmywindow,0.9780712096203725
0884_rockstar,0.9747375911759474
0886_rudeboy,0.969018588846692
0888_russianroulettejump,0.9907429385236174
0889_samelove,0.9920565832426551
0890_samemistakes,0.9980899830220713
0891_savetheworld,0.9991164126352993
0892_saveyoutonight,0.9954954954954955
0893_say,0.9900655672561097
0894_sayheyiloveyou,0.9580204120932024
0895_scarymonsters,0.9996161965073882
0897_sentimentaltune,0.997945674503538
0898_sexyback,0.9589752176825184
0899_sexycani,0.9863765373699148
0900_sexychickakon,0.9940944881889764
0901_sexydj,0.8853480505607976
0902_shakeitradiomix,0.9865805168986084
0903_shakethatbubblenow,1.0
0904_shewolf,0.9937436932391523
0905_shocktoyoursystem,0.9655530192986097
0906_shutupanddrive,0.9779089697200534
0907_skyscraper,0.9994335347432024
0908_sober,0.9996308600959763
0909_sofineed,0.9633623060842778
0910_solo,0.9885264341957255
0911_someday,0.9635993669455121
0912_somenights,0.9907933929054968
0913_somuchlove,0.989830116722524
0914_soobviousnow,1.0
0915_sosletthemusicplay,0.8866088428178549
0916_sowhat,0.9993815708101422
0917_spacemanties,0.9969742813918305
0918_starstrukk,0.9384858044164038
0919_stereolove,0.9058803931367649
0920_stopandstare,0.990147012824523
0921_stronger,0.9989543394911119
0922_suffocate,0.9794648413192284
0923_sunandmoon,0.9623630300142926
0924_sunisup,0.9761856710393542
0925_sweetdisposition,0.9705938881414569
0926_sweetthing,0.9546697928878468
0927_swing,0.9962009286618827
0928_takeabow,0.9994546941743161
0929_takeovercontrolext,0.9534677598050078
0930_takeyourtime,0.8717718794835008
0931_takeyouthere,0.9258731290092659
0932_tattoo,0.9997998398718975
0933_teardropsonmyguitar,0.9790532048596565
0934_teenagedreamkaskade,0.9996412341545085
0936_tequieroacoustic,0.9931539187913125
0937_thatsnotmyname,1.0
0938_thebusiness,0.9972189114024632
0939_thecure,0.955424152831476
0940_thehousethatbuiltme,0.948076923076923
0941_theocean,0.9796222664015904
0943_thetheayer,0.9998267198059262
0945_thewayiareradio,0.9669125395152792
0946_thinkingofyou,1.0
0947_thiskiss,0.9734411085450346
0948_thislove,0.9928106043585712
0949_throwitinthebag,0.975318164288469
0950_throwyourhandsup,0.9841062486392336
0951_thunder,0.99921829196795
0952_tiktok,1.0
0953_tilltheworldends2,0.9495515695067265
0954_timeaftertimevan,0.9997700620832375
0955_tinylittlebows,0.987485779294653
0956_tonightimgettingoveryou,0.9841361965563938
0958_turnmeup,0.9859039836567927
0959_turnthisclubaround,0.9798916143753565
0960_umbrella,0.9813565340909091
0961_unfaithfulfemme,0.9995641752015689
0962_usagainsttheworldjason,0.9998527896363903
0964_wakingupinvegas,0.9757714285714286
0965_wakingupinvegascalvin,0.9833719503884422
0966_wakingupinvegascalvinh,0.9972356599861782
0967_walkingonadream,0.9993580141236893
0968_walltowall,0.9777903522421841
0969_webelongtogether,0.9979628791308285
0970_whataboutnow,0.9987051424343322
0971_whatayawantfromme,0.99958796868562
0972_whatchasay,0.9773228978526992
0973_whateverittakes,0.967286578534618
0974_whateveryoulike,0.8939809585283202
0975_whathappensinvegas,0.8421640956852224
0977_wheelsnow,0.9878812361139164
0978_whenigrowup,0.9441350817316329
0979_whenlovetakesover,0.9913999044433827
0980_whenyouleave,0.9826233183856502
0981_whenyouregone,0.9988365328679465
0982_whoknewdos,0.9731800766283525
0983_whyamitheone,0.9991625959525471
0986_winner,0.9998095238095238
0987_withyou,0.9936663047412233
0988_withyoukovas,0.9099847666528181
0989_womanizer,0.9750903977501004
0991_worryaboutyounow,0.994754411063424
0992_wrongthinwhiteduke,1.0
0993_youandidanny,0.9408719063891477
0994_youbelongwithme,0.9557109557109557
0995_youfoundme,0.9986525505293552
0998_youregonnamissthis,0.9837348157298744
0999_yourheartisamuscle,1.0
1000_yourloveismydrug,0.9995544664736021
1001_yourloveismydrugdave,1.0
